{
    "00": "กรอกข้อมูลให้ผมด้วยนะครับ ระบบจะบันทึกชื่อท่านไว้ และจะอ้างอิงจากชื่อที่ลงทะเบียนมาเท่านั้น\n\nhttps://goo.gl/forms/cxOAifRZCO5EUlaD3",
    "1": "02359498445",
    "2": "02589223432",
    "3": "02360979092",
    "4": "02360979092",
    "9": ": 🎰🔹กฎของ กลุ่ม SLOT THAI​​🔹🎰\n\n1️⃣.การสอบถามเรื่องเพจให้สมาชิกแคปรูปเพจนั้นๆมาสอบถามในกลุ่ม​ถ้าไม่มีสมาชิกท่านไหนทราบแนะนำว่าอย่าเสี่ยงไปแต่ถ้าทุนหนาพอจะเสี่ยงไปลองก็ตามการตัดสินใจของท่าน\n\n2️⃣.ห้ามสมาชิกลงคอนแทคเพจทุกเพจเด็ดขาด\nเว้นแต่จะได้รับอนุญาต​จากแอดมินแล้วเท่านั้น\n\n3️⃣.การลงรูปเกมแตกหรือรีวิวยอดถอน​ ห้ามสมาชิกใช้วาจาล่วงเกินความเป็นส่วนตัวของเจ้าของรูปเป็นอันขาด\nถ้ามีการกล่าวหามาจากเจ้าของรุป​ สมาชิกที่กระทำผิดจะถูกเตะออกจากกลุ่มทันที​ เป็นเวลา​ 7วัน​ หากครบกำหนดแล้วสามารถขอเข้ากลุ่มอีกครั้งได้ตามปกติ\n\n4️⃣.การเชิญเพื่อน​ ให้สมาชิกแจ้งขออนุญาต​กับแอดมินที่กลุ่ม​ ถ้าเกิดมีสมาชิกท่านอื่นปฎิเสธการเชิญ​ ให้สมาชิกทั้งสองฝ่ายแจ้งสาเหตุต่อแอดมิน​ แอดมินจะพิจารณา​ตามความเหมาะสม​ \n\n5️⃣. ถ้าสมาชิกจะแจกเงิน ให้แท็กหาแอดมินหรือแจ้งแอดมินกลุ่มให้ทราบก่อน ถ้าใครแจกแล้ว​ ไม่เป็นระเบียบ​ มีการโต้เถียงกันเกิดขึ้น​ ผู้ที่มีส่วนร่วมจะถูกปรับตามจำนวนเงินที่แจกหรือได้รับแจก เงินส่วนนี้จะส่งไว้กองกลางเพื่อบริจาคหรือทำประโยชน์​แบบมีหลักฐาน​ต่อไปภายหลัง\n\n6🔘.ห้ามพูดคุยหรือโพสยุ่งเกี่ยวกับสถานบัน ชาติ ศาสนา พระมหากษัติย์ การเมือง และเนื้อหาที่ก่อให้เกิดความขัดแย้งและการทะเลาวิวาทเป็นอันขาดฝ่าฝืนเตะออกกลุ่มทันที\n\n7🔘.ห้ามสมาชิกส่งข้อมูลส่วนตัวเช่น​\nเบอร์โทร.​,  บัญชีธนาคาร​, ไอดีไลน์, อีเมล์​, ฯลฯ\nของสมาชิกในกลุ่มให้บุคคลที่สามเป็นอันขาดเว้นแต่เจ้าของข้อมูลจะให้อนุญาต​ ณ​ เวลานั้นเท่านั้นถ้าไม่ได้รับอนุญาตจากเจ้าของข้อมูล​จะถือว่าสมรู้ร่วมคิดกันใครฝ่าฝืนจะทำการดำเนินคดีความตามกฎหมายจนถึงที่สุด\n\n8🔘.เรื่องการยืมเงิน​ การให้เงิน​\nสมาชิกทุกคนสามารถทวงถามในกลุ่มได้แต่ต้องไม่เกินไปจนเป็นการรบกวนสมาชิกท่านอื่น​ ถ้ามีสมาชิกท่านอื่นมาแจ้งกับแอดมิน​ ผู้ที่มีส่วนร่วมในเหตุการนั้นๆ​ จะถูกตัดสิทธิ์ในเรื่องกิจกรรมแจกทุกๆทาง​ เป็นเวลา​ 1เดือน\n\n9🔘.กิจกรรมกลุ่ม\nถ้ามีกิจกรรมของกลุ่มขึ้นทางแอดมินจะติดประกาศแจ้งให้ทราบล่วงหน้าโดยกำหนดเวลาชัดเจน​ เว้นแต่จะเกิดเหตุสุดวิสัยเกิดขึ้น​ ถึงจะมีการเลื่อนกำหนดการ\n\nการกระทำผิดจะขึ้นอยู่ว่าความผิดนั้นๆหนักเบาแค่ไหน\nถ้าผ่อนปรน​ อนุโลมกันได้ก็จะอนุโลม​ แต่ถ้าร้ายแรงก็จะจับดำเนินคดีให้ถึงที่สุด​ และไม่อ่อนข้อเด็ดขาด\n\nอยู่ด้วยกันไม่เคารพนับถือกันไม่ว่าแต่กรุณาให้เกียรติ​กันและกันด้วย สมาชิกทุกคนมีสิทธิ์​เท่าเทียมกันหมดเพราะฉะนั้นกรุณาให้ความร่วมมือด้วย\n\n📌คำตัดสินของแอดมินถือเป็นเด็ดขาด",
    "99": "🐝🐝🐝🐝🐝🐝🐝🐝🐝🐝🐝🐝🐝🐝\n        \n🎁 Hiallbet สมาชิกใหม่รับโบนัส 50%  🎁\n 👉เพจใหม่ สมัคร-ฝาก-ถอน ผ่านระบบอัตโนมัติ\n🙏 สมัครสมาชิกใหม่วันนี้รับโบนัสทันที 50 %\n 💵 การันตีเรื่องความชัวร์ ฝากไวถอนเร็ว ต้องที่นี่เท่านั้น\n 🐎มีเกมหลากหลายค่ายให้ท่านเลือกเล่น ไม่ว่าจะเป็น 918 Kiss -Joker-Slotxo-ยิงปลา-บาคาร่า-เกมส์กีฬา และอื่นๆอีกมากมายให้ท่านเลือก\n โดยท่านสามารถโยกเครดิตจากเกมภายใต้เพจของผมไปเล่นเกมประเภทไหนก็ได้ด้วยตนเองผ่านหน้าระบบอัตโนมัติ\n\n🐋สนใจสมัครคลิกที่ลิงค์สมัครหน้าเพจได้เลยครับ🐋\n https://www.hiallbet.com/affr=2485\n\n🔎 สนใจโปรแสกน 918 Scan Win 🔍\n           Line ID: vipscanner_win\n \n💮💮💮💮💮💮💮💮💮💮💮💮💮💮💮",
    "Aip": true,
    "Api": true,
    "Lv": true,
    "Nk": true,
    "Nn": true,
    "Owner": {},
    "Pic": "https://www.img.in.th/images/7dd6ceee721ec497f298bb2b321bd041.jpg",
    "Respon": false,
    "Respontag": "🐝🐝🐝🐝🐝🐝🐝🐝🐝🐝🐝🐝🐝🐝\n        \n🎁 Hiallbet สมาชิกใหม่รับโบนัส 50%  🎁\n 👉เพจใหม่ สมัคร-ฝาก-ถอน ผ่านระบบอัตโนมัติ\n🙏 สมัครสมาชิกใหม่วันนี้รับโบนัสทันที 50 %\n 💵 การันตีเรื่องความชัวร์ ฝากไวถอนเร็ว ต้องที่นี่เท่านั้น\n 🐎มีเกมหลากหลายค่ายให้ท่านเลือกเล่น ไม่ว่าจะเป็น 918 Kiss -Joker-Slotxo-ยิงปลา-บาคาร่า-เกมส์กีฬา และอื่นๆอีกมากมายให้ท่านเลือก\n โดยท่านสามารถโยกเครดิตจากเกมภายใต้เพจของผมไปเล่นเกมประเภทไหนก็ได้ด้วยตนเองผ่านหน้าระบบอัตโนมัติ\n\n🐋สนใจสมัครคลิกที่ลิงค์สมัครหน้าเพจได้เลยครับ🐋\n https://www.hiallbet.com/affr=2485\n\n🔎 สนใจโปรแสกน 918 Scan Win 🔍\n           Line ID: vipscanner_win\n \n💮💮💮💮💮💮💮💮💮💮💮💮💮💮💮",
    "mentionKick": true,
    "Wc": true,
    "admin": {},
    "autoAdd": true,
    "autoBlock": true,
    "autoCancel": {
        "members": 1,
        "on": true
    },
    "autoJoin": true,
    "autoJoinTicket": true,
    "autoLeave": false,
    "autoRead": false,
    "autoadd": true,
    "blacklist": {},
    "bye": "โปรดระวังเพจ Pussy888 Kaken โกงลูกค้า9,000บาท\nแถมใช้วาจาท้าทายสมาชิกไม่สุภาพด้วย\nช่วยกันประจานคับ\n\nhttps://timeline.line.me/post/_dVvAkJ9ILGWRbMzBW5Zt1oUBd7goeEWkYSaH27E/1154437220004031790",
    "cName": "",
    "cNames": "",
    "cancelprotect": false,
    "changeGroupPicture": [],
    "changePictureProfile": false,
    "checkContact": true,
    "checkPost": false,
    "checkSticker": false,
    "clock": false,
    "comment": "รอตั้งข้อความจากแอดมินจ้า",
    "commentBlack": {},
    "commentOn": false,
    "contact": true,
    "datectMention": true,
    "dblack": false,
    "dblacklist": false,
    "delayMention": true,
    "detectMention": true,
    "eror": "คุณใช้คำสั่งผิด สั่งบอทอีกครั้ง!",
    "gift": true,
    "hi": "@Somslot\n02594177023\n🔹🔹🔹🔹🔹🔹🔹\nSexy slot\n02474242536\n🔹🔹🔹🔹🔹🔹🔹\nV8slotkiss\n02077565822\n🔹🔹🔹🔹🔹🔹🔹\nP8slot\n02795733871\n🔹🔹🔹🔹🔹🔹🔹\nRED-SCR\n02242990360\n🔹🔹🔹🔹🔹🔹🔹\n918ROYAL\n02357653130",
    "invite": {},
    "inviteprotect": false,
    "kick": "          📢📢📢 แจ้งเตือน 🔔🔔🔔\n\n⚡⚡ ผู้ใช้  􀠁􀄶line􏿿 โปรไฟล์นี้ลบสมาชิกในกลุ่ม ⚡⚡",
    "kickMention": false,
    "kung": "7721029055\nKungsri bank\nMr.Mipon Lerkmongkonsin",
    "lang": "JP",
    "leaveRoom": false,
    "likeOn": false,
    "ll": "รอบสุดท้าย 00.00น.หมดเวลา 01.00น.\nรอบต่อไป 12.00น.\nแตกแล้วมาซื้อสแกนด้วยนะ\n\nขอให้ทุกคนโชคดี ร่ำรวย ได้แจ๊คพอตกันทุกคนนะคะ\nสามารถเช็คตารางเวลาสแกน ผ่านระบบอัตโนมัติในห้อง\nโดยพิมพ์เลข 9 ลงในห้องได้เลย\n\n🎁 Hiallbet สมาชิกใหม่รับโบนัส 50%  🎁\n 👉เพจใหม่ สมัคร-ฝาก-ถอน ผ่านระบบอัตโนมัติ\n🙏 สมัครสมาชิกใหม่วันนี้รับโบนัสทันที 50 %\n 💵 การันตีเรื่องความชัวร์ ฝากไวถอนเร็ว ต้องที่นี่เท่านั้น\n 🐎มีเกมหลากหลายค่ายให้ท่านเลือกเล่น ไม่ว่าจะเป็น 918 Kiss -Joker-Slotxo-ยิงปลา-บาคาร่า-เกมส์กีฬา และอื่นๆอีกมากมายให้ท่านเลือก\n โดยท่านสามารถโยกเครดิตจากเกมภายใต้เพจของผมไปเล่นเกมประเภทไหนก็ได้ด้วยตนเองผ่านหน้าระบบอัตโนมัติ\n\n🐋สนใจสมัครคลิกที่ลิงค์สมัครหน้าเพจได้เลยครับ🐋\n https://www.hiallbet.com/affr=2485\n",
    "message": "บัญชีนี้ถูกป้องกันโดย 🔥Hack Scan 🔔Win🔔 ระบบได้บล็อคคุณอัตโนมัติ!",
    "message1": "แอดมารัก หรือ แอดมารัน😊",
    "mimic": {
        "copy": false,
        "status": false,
        "target": {}
    },
    "mm": "รอบ 21.00น.หมดเวลา 22.00น.\nรอบต่อไป 00.00น.\nแตกแล้วมาซื้อสแกนด้วยนะ\n\nขอให้ทุกคนโชคดี ร่ำรวย ได้แจ๊คพอตกันทุกคนนะคะ\nสามารถเช็คตารางเวลาสแกน ผ่านระบบอัตโนมัติในห้อง\nโดยพิมพ์เลข 9 ลงในห้องได้เลย\n\n🎁 Hiallbet สมาชิกใหม่รับโบนัส 50%  🎁\n 👉เพจใหม่ สมัคร-ฝาก-ถอน ผ่านระบบอัตโนมัติ\n🙏 สมัครสมาชิกใหม่วันนี้รับโบนัสทันที 50 %\n 💵 การันตีเรื่องความชัวร์ ฝากไวถอนเร็ว ต้องที่นี่เท่านั้น\n 🐎มีเกมหลากหลายค่ายให้ท่านเลือกเล่น ไม่ว่าจะเป็น 918 Kiss -Joker-Slotxo-ยิงปลา-บาคาร่า-เกมส์กีฬา และอื่นๆอีกมากมายให้ท่านเลือก\n โดยท่านสามารถโยกเครดิตจากเกมภายใต้เพจของผมไปเล่นเกมประเภทไหนก็ได้ด้วยตนเองผ่านหน้าระบบอัตโนมัติ\n\n🐋สนใจสมัครคลิกที่ลิงค์สมัครหน้าเพจได้เลยครับ🐋\n https://www.hiallbet.com/affr=2485\n",
    "new": "@Somslot\n02594177023\n🔹🔹🔹🔹🔹🔹🔹\nSexy slot\n02474242536\n🔹🔹🔹🔹🔹🔹🔹\nV8slotkiss\n02077565822\n🔹🔹🔹🔹🔹🔹🔹\nP8slot\n02795733871\n🔹🔹🔹🔹🔹🔹🔹\nRED-SCR\n02242990360\n🔹🔹🔹🔹🔹🔹🔹\n918ROYAL\n02357653130",
    "nn": "รอบ 18.00น.หมดเวลา 19.00น.\nรอบต่อไป 21.00น.\nแตกแล้วมาซื้อสแกนด้วยนะ\n\nขอให้ทุกคนโชคดี ร่ำรวย ได้แจ๊คพอตกันทุกคนนะคะ\nสามารถเช็คตารางเวลาสแกน ผ่านระบบอัตโนมัติในห้อง\nโดยพิมพ์เลข 9 ลงในห้องได้เลย\n\n🎁 Hiallbet สมาชิกใหม่รับโบนัส 50%  🎁\n 👉เพจใหม่ สมัคร-ฝาก-ถอน ผ่านระบบอัตโนมัติ\n🙏 สมัครสมาชิกใหม่วันนี้รับโบนัสทันที 50 %\n 💵 การันตีเรื่องความชัวร์ ฝากไวถอนเร็ว ต้องที่นี่เท่านั้น\n 🐎มีเกมหลากหลายค่ายให้ท่านเลือกเล่น ไม่ว่าจะเป็น 918 Kiss -Joker-Slotxo-ยิงปลา-บาคาร่า-เกมส์กีฬา และอื่นๆอีกมากมายให้ท่านเลือก\n โดยท่านสามารถโยกเครดิตจากเกมภายใต้เพจของผมไปเล่นเกมประเภทไหนก็ได้ด้วยตนเองผ่านหน้าระบบอัตโนมัติ\n\n🐋สนใจสมัครคลิกที่ลิงค์สมัครหน้าเพจได้เลยครับ🐋\n https://www.hiallbet.com/affr=2485\n",
    "oo": "ผมไปขี้มาครับ",
    "pname": {},
    "pnharfbot": {},
    "potoMention": true,
    "pro_name": {},
    "protect": false,
    "qrprotect": false,
    "spam": {},
    "timeline": false,
    "unsendMessage": false,
    "userAgent": [
        "Mozilla/5.0 (X11; U; Linux i586; de; rv:5.0) Gecko/20100101 Firefox/5.0",
        "Mozilla/5.0 (X11; U; Linux amd64; rv:5.0) Gecko/20100101 Firefox/5.0 (Debian)",
        "Mozilla/5.0 (X11; U; Linux amd64; en-US; rv:5.0) Gecko/20110619 Firefox/5.0",
        "Mozilla/5.0 (X11; Linux) Gecko Firefox/5.0",
        "Mozilla/5.0 (X11; Linux x86_64; rv:5.0) Gecko/20100101 Firefox/5.0 FirePHP/0.5",
        "Mozilla/5.0 (X11; Linux x86_64; rv:5.0) Gecko/20100101 Firefox/5.0 Firefox/5.0",
        "Mozilla/5.0 (X11; Linux x86_64) Gecko Firefox/5.0",
        "Mozilla/5.0 (X11; Linux ppc; rv:5.0) Gecko/20100101 Firefox/5.0",
        "Mozilla/5.0 (X11; Linux AMD64) Gecko Firefox/5.0",
        "Mozilla/5.0 (X11; FreeBSD amd64; rv:5.0) Gecko/20100101 Firefox/5.0",
        "Mozilla/5.0 (Windows NT 6.2; WOW64; rv:5.0) Gecko/20100101 Firefox/5.0",
        "Mozilla/5.0 (Windows NT 6.1; Win64; x64; rv:5.0) Gecko/20110619 Firefox/5.0",
        "Mozilla/5.0 (Windows NT 6.1; Win64; x64; rv:5.0) Gecko/20100101 Firefox/5.0",
        "Mozilla/5.0 (Windows NT 6.1; rv:6.0) Gecko/20100101 Firefox/5.0",
        "Mozilla/5.0 (Windows NT 6.1.1; rv:5.0) Gecko/20100101 Firefox/5.0",
        "Mozilla/5.0 (Windows NT 5.2; WOW64; rv:5.0) Gecko/20100101 Firefox/5.0",
        "Mozilla/5.0 (Windows NT 5.1; U; rv:5.0) Gecko/20100101 Firefox/5.0",
        "Mozilla/5.0 (Windows NT 5.1; rv:2.0.1) Gecko/20100101 Firefox/5.0",
        "Mozilla/5.0 (Windows NT 5.0; WOW64; rv:5.0) Gecko/20100101 Firefox/5.0",
        "Mozilla/5.0 (Windows NT 5.0; rv:5.0) Gecko/20100101 Firefox/5.0"
    ],
    "vv": "รอบ 12.00น.หมดเวลา 13.00น.\nรอบต่อไป 18.00น.\nแตกแล้วมาซื้อสแกนด้วยนะ\n\nขอให้ทุกคนโชคดี ร่ำรวย ได้แจ๊คพอตกันทุกคนนะคะ\nสามารถเช็คตารางเวลาสแกน ผ่านระบบอัตโนมัติในห้อง\nโดยพิมพ์เลข 9 ลงในห้องได้เลย\n\n🎁 Hiallbet สมาชิกใหม่รับโบนัส 50%  🎁\n 👉เพจใหม่ สมัคร-ฝาก-ถอน ผ่านระบบอัตโนมัติ\n🙏 สมัครสมาชิกใหม่วันนี้รับโบนัสทันที 50 %\n 💵 การันตีเรื่องความชัวร์ ฝากไวถอนเร็ว ต้องที่นี่เท่านั้น\n 🐎มีเกมหลากหลายค่ายให้ท่านเลือกเล่น ไม่ว่าจะเป็น 918 Kiss -Joker-Slotxo-ยิงปลา-บาคาร่า-เกมส์กีฬา และอื่นๆอีกมากมายให้ท่านเลือก\n โดยท่านสามารถโยกเครดิตจากเกมภายใต้เพจของผมไปเล่นเกมประเภทไหนก็ได้ด้วยตนเองผ่านหน้าระบบอัตโนมัติ\n\n🐋สนใจสมัครคลิกที่ลิงค์สมัครหน้าเพจได้เลยครับ🐋\n https://www.hiallbet.com/affr=2485\n",
    "wblack": false,
    "wblacklist": false,
    "welcome": " 🎰🔹กฎของ กลุ่ม SLOT THAI​​🔹🎰\n\n1️⃣.การสอบถามเรื่องเพจให้สมาชิกแคปรูปเพจนั้นๆมาสอบถามในกลุ่ม​ถ้าไม่มีสมาชิกท่านไหนทราบแนะนำว่าอย่าเสี่ยงไปแต่ถ้าทุนหนาพอจะเสี่ยงไปลองก็ตามการตัดสินใจของท่าน\n\n2️⃣.ห้ามสมาชิกลงคอนแทคเพจทุกเพจเด็ดขาด\nเว้นแต่จะได้รับอนุญาต​จากแอดมินแล้วเท่านั้น\n\n3️⃣.การลงรูปเกมแตกหรือรีวิวยอดถอน​ ห้ามสมาชิกใช้วาจาล่วงเกินความเป็นส่วนตัวของเจ้าของรูปเป็นอันขาด\nถ้ามีการกล่าวหามาจากเจ้าของรุป​ สมาชิกที่กระทำผิดจะถูกเตะออกจากกลุ่มทันที​ เป็นเวลา​ 7วัน​ หากครบกำหนดแล้วสามารถขอเข้ากลุ่มอีกครั้งได้ตามปกติ\n\n4️⃣.การเชิญเพื่อน​ ให้สมาชิกแจ้งขออนุญาต​กับแอดมินที่กลุ่ม​ ถ้าเกิดมีสมาชิกท่านอื่นปฎิเสธการเชิญ​ ให้สมาชิกทั้งสองฝ่ายแจ้งสาเหตุต่อแอดมิน​ แอดมินจะพิจารณา​ตามความเหมาะสม​ \n\n5️⃣. ถ้าสมาชิกจะแจกเงิน ให้แท็กหาแอดมินหรือแจ้งแอดมินกลุ่มให้ทราบก่อน ถ้าใครแจกแล้ว​ ไม่เป็นระเบียบ​ มีการโต้เถียงกันเกิดขึ้น​ ผู้ที่มีส่วนร่วมจะถูกปรับตามจำนวนเงินที่แจกหรือได้รับแจก เงินส่วนนี้จะส่งไว้กองกลางเพื่อบริจาคหรือทำประโยชน์​แบบมีหลักฐาน​ต่อไปภายหลัง\n\n6🔘.ห้ามพูดคุยหรือโพสยุ่งเกี่ยวกับสถานบัน ชาติ ศาสนา พระมหากษัติย์ การเมือง และเนื้อหาที่ก่อให้เกิดความขัดแย้งและการทะเลาวิวาทเป็นอันขาดฝ่าฝืนเตะออกกลุ่มทันที\n\n7🔘.ห้ามสมาชิกส่งข้อมูลส่วนตัวเช่น​\nเบอร์โทร.​,  บัญชีธนาคาร​, ไอดีไลน์, อีเมล์​, ฯลฯ\nของสมาชิกในกลุ่มให้บุคคลที่สามเป็นอันขาดเว้นแต่เจ้าของข้อมูลจะให้อนุญาต​ ณ​ เวลานั้นเท่านั้นถ้าไม่ได้รับอนุญาตจากเจ้าของข้อมูล​จะถือว่าสมรู้ร่วมคิดกันใครฝ่าฝืนจะทำการดำเนินคดีความตามกฎหมายจนถึงที่สุด\n\n8🔘.เรื่องการยืมเงิน​ การให้เงิน​\nสมาชิกทุกคนสามารถทวงถามในกลุ่มได้แต่ต้องไม่เกินไปจนเป็นการรบกวนสมาชิกท่านอื่น​ ถ้ามีสมาชิกท่านอื่นมาแจ้งกับแอดมิน​ ผู้ที่มีส่วนร่วมในเหตุการนั้นๆ​ จะถูกตัดสิทธิ์ในเรื่องกิจกรรมแจกทุกๆทาง​ เป็นเวลา​ 1เดือน\n\n9🔘.กิจกรรมกลุ่ม\nถ้ามีกิจกรรมของกลุ่มขึ้นทางแอดมินจะติดประกาศแจ้งให้ทราบล่วงหน้าโดยกำหนดเวลาชัดเจน​ เว้นแต่จะเกิดเหตุสุดวิสัยเกิดขึ้น​ ถึงจะมีการเลื่อนกำหนดการ\n\nการกระทำผิดจะขึ้นอยู่ว่าความผิดนั้นๆหนักเบาแค่ไหน\nถ้าผ่อนปรน​ อนุโลมกันได้ก็จะอนุโลม​ แต่ถ้าร้ายแรงก็จะจับดำเนินคดีให้ถึงที่สุด​ และไม่อ่อนข้อเด็ดขาด\n\nอยู่ด้วยกันไม่เคารพนับถือกันไม่ว่าแต่กรุณาให้เกียรติ​กันและกันด้วย สมาชิกทุกคนมีสิทธิ์​เท่าเทียมกันหมดเพราะฉะนั้นกรุณาให้ความร่วมมือด้วย\n\n📌คำตัดสินของแอดมินถือเป็นเด็ดขาด",
    "winvite": false,
    "ww": "🐝🐝🐝🐝🐝🐝🐝🐝🐝🐝🐝🐝🐝🐝\n        \n🎁 Hiallbet สมาชิกใหม่รับโบนัส 50%  🎁\n 👉เพจใหม่ สมัคร-ฝาก-ถอน ผ่านระบบอัตโนมัติ\n🙏 สมัครสมาชิกใหม่วันนี้รับโบนัสทันที 50 %\n 💵 การันตีเรื่องความชัวร์ ฝากไวถอนเร็ว ต้องที่นี่เท่านั้น\n 🐎มีเกมหลากหลายค่ายให้ท่านเลือกเล่น ไม่ว่าจะเป็น 918 Kiss -Joker-Slotxo-ยิงปลา-บาคาร่า-เกมส์กีฬา และอื่นๆอีกมากมายให้ท่านเลือก\n โดยท่านสามารถโยกเครดิตจากเกมภายใต้เพจของผมไปเล่นเกมประเภทไหนก็ได้ด้วยตนเองผ่านหน้าระบบอัตโนมัติ\n\n🐋สนใจสมัครคลิกที่ลิงค์สมัครหน้าเพจได้เลยครับ🐋\n https://www.hiallbet.com/affr=2485\n\n🔎 สนใจโปรแสกน 918 Scan Win 🔍\n           Line ID: vipscanner_win\n \n💮💮💮💮💮💮💮💮💮💮💮💮💮💮💮",
    "กรุงเทพ": "จันทร์ฉาย ดอนหัวบ่อ \nธนาคารกรุงเทพ \n7357184493",
    "กสิกร": "#pbc: https://www.img.in.th/images/331d4f1650a00533f32cfee28f8e4c2d.jpg",
    "คอนแทค": "ubca39d8e304918bcc7a2e294f7fc4653",
    "คำสั่ง": "╔═══════════════\n╠♥ ✿✿✿ 🔥Hack Scan 🔔Win🔔 ✿✿✿ ♥\n║\n╠══✪〘 คำสั่งบอท 〙✪══\n║\n╠✪〘 ตั้งค่าทั่วไป 〙✪════════\n║\n╠➥ สปีด\n╠➥ ข้อมูลบอท\n╠➥ เทส\n╠➥ ตรวจสอบคำหยาบ\n╠➥ /1,แทค   「เรียกคนทั้งกลุ่ม」\n╠➥ เปิดระบบป้องกัน 「เปิดป้องกันทั้งหมด」\n╠➥ เปิดลิ้ง\n╠➥ ปิดลิ้ง \n╠➥ เปิด/ปิดลิ้ง\n╠➥ #gbc: 「ส่งข้อความทุกกลุ่ม」 \n╠➥ w: 「ตั้งข้อความต้อนรับ」\n╠➥ ex: 「ตั้งข้อความคนออกกลุ่ม」\n╠➥ xx: 「ตั้งข้อความคนเตะสมาชิก」\n╠➥ ww: 「ตั้งข้อความคนแอด」\n╠➥ bye @ 「เตะสมาชิกที่เราแทค」\n╠➥ ข้อมูลกลุ่ม 「ดูข้อมูลกลุ่ม」\n╠➥ สมาชิก 「ดูรายชื่อสมาชิก」\n╠➥ 001-9999: 「บันทึกตามหมายเลข」\n╠➥001-9999 「ดูข้อมูลตามหมายเลข」\n╠➥ ไปๆ 「สั่งบอทออกห้อง」\n╠➥ เวลา,30,ปฏิทิน 「ดูปฏิทิน」\n╠➥ 9  「ดูตารางแสกน」\n║\n╚═〘 Credits By: ©🔥Hack Scan 🔔Win🔔™  〙 ",
    "จำนวนกลุ่ม": "ส่งแล้ว 287 กลุ่ม",
    "ตาราง": " 🔯 ตารางเวลาแสกน 🔯\n\n\n  🔥 รอบที่ 1 เวลา 12.00 น.  ⛔\n\n  รอบที่ 2 เวลา 18.00 น.\n\n🔛 รอบที่ 3 เวลา 21.00 น.\n\n  ✨ รอบสุดท้าย เวลา 00.00 น.\n\n\n ⛔ กฎระเบียบประจำห้องมีดังนี้ ⛔ \n\n👮 ห้ามแชร์คอนแทคหรือแชร์เพื่อทำกิจกรรมรับเครดิตฟรีลงในห้องนี้เด็ดขาด\n😎 ถ้าจะสอบถามว่าเพจชัวว์หรือไม่ ให้ท่านแคปรูปภาพเข้ามาสอบถามเท่านั้น\n🙅 ห้ามขอหรือยืมเงินสมาชิกในห้องเด็ดขาดเพราะพวกคุณไม่มีสัจจะแน่นอน ดังนั้นอย่าให้คนอื่นเดือดร้อน\n\n✈ ท่านใดไม่ปฏิบัติตามกฎโทษสถานเดียวคือบินออกจากห้องทันที\n\n\n\n\n\n🔎 สนใจโปรแสกน 918 Scan Win 🔍\n\n           Line ID: vipscanner_win เท่านั้น\n\n        หรือคลิ๊กตามลิ้งนี่เลย\n    http://line.me/ti/p/xWX1CmxrQ0\nhttp://line.me/ti/p/xWX1CmxrQ0\nhttp://line.me/ti/p/xWX1CmxrQ0",
    "รอส": "ตัวสแกนไว้คอยสแกนดูเกม สแกนเสร็จก็เข้าเล่นเกมที่มีอัตราเปอร์เซ็นต์ 88 เปอร์เซ็นต์ขึ้นไป\nซึ่งมันจับค่า IP จากเซิร์ฟเวอร์ของเกม 918 Kiss โดยตรง\nมันจะจับค่าว่าสมควรเล่นเกมไหนในเวลานี้ ซึ่งมันจะดีกว่าที่เราเล่นโยนหินถามทางเหมือนแต่ก่อน \nซึ่งตัวโปรแกรมมันจะช่วยในเรื่องว่าเกมนี้กำลังแจก Bigwin ultrabigwin magawin ที่กำลังแจกอยู่ในเวลานี้",
    "รูปเข้า": "https://www.img.in.th/images/331d4f1650a00533f32cfee28f8e4c2d.jpg",
    "สน": "🔰รับเขียนและจำหน่ายแอพพิเคชั่น\n     โปรแกรม Scan -918 Scan -Pussy Scan -Joker Scan\n🔰รับเขียนและจำหน่ายบอทไลน์ทุกชนิดตามสั่ง\n📢รับโปรโมทเพจ โปรโมทสินค้าทุกชนิด\n      การันตีผลงาน มีฐานลูกค้ารองรับ\n      ผลงานมากกว่า 2ปี \n👉ติดต่อ Line ID: vipscanner_win"
}
